{
  "best_global_step": null,
  "best_metric": null,
  "best_model_checkpoint": null,
  "epoch": 2.0,
  "eval_steps": 500,
  "global_step": 188,
  "is_hyper_param_search": false,
  "is_local_process_zero": true,
  "is_world_process_zero": true,
  "log_history": [
    {
      "entropy": 1.686499884724617,
      "epoch": 0.10666666666666667,
      "grad_norm": 1.9554922580718994,
      "learning_rate": 4.760638297872341e-06,
      "logits/chosen": -3.778397109940286,
      "logits/rejected": -3.687804855600781,
      "logps/chosen": -165.06105947494507,
      "logps/rejected": -172.0688304901123,
      "loss": 0.6928314685821533,
      "mean_token_accuracy": 0.4749197993427515,
      "num_tokens": 136108.0,
      "rewards/accuracies": 0.4625,
      "rewards/chosen": 5.669539386872202e-05,
      "rewards/margins": 0.0010615086765028536,
      "rewards/rejected": -0.0010048134456155822,
      "step": 10
    },
    {
      "entropy": 1.7484015822410583,
      "epoch": 0.21333333333333335,
      "grad_norm": 2.1645946502685547,
      "learning_rate": 4.49468085106383e-06,
      "logits/chosen": -3.685541234685359,
      "logits/rejected": -3.6434010110818784,
      "logps/chosen": -166.5243116378784,
      "logps/rejected": -159.645330619812,
      "loss": 0.6939152717590332,
      "mean_token_accuracy": 0.4719703413546085,
      "num_tokens": 264471.0,
      "rewards/accuracies": 0.459375,
      "rewards/chosen": -0.0034753609012113883,
      "rewards/margins": -0.0010984082997310906,
      "rewards/rejected": -0.0023769526276737453,
      "step": 20
    },
    {
      "entropy": 1.7054170027375222,
      "epoch": 0.32,
      "grad_norm": 1.9514020681381226,
      "learning_rate": 4.228723404255319e-06,
      "logits/chosen": -3.7325469183108586,
      "logits/rejected": -3.6666670122019376,
      "logps/chosen": -155.17147507667542,
      "logps/rejected": -154.57995510101318,
      "loss": 0.6926745891571044,
      "mean_token_accuracy": 0.46928733922541144,
      "num_tokens": 391185.0,
      "rewards/accuracies": 0.503125,
      "rewards/chosen": -0.002238804002990946,
      "rewards/margins": 0.0014500179298920558,
      "rewards/rejected": -0.003688821929972619,
      "step": 30
    },
    {
      "entropy": 1.6917914316058158,
      "epoch": 0.4266666666666667,
      "grad_norm": 2.1526877880096436,
      "learning_rate": 3.962765957446809e-06,
      "logits/chosen": -3.773944468168229,
      "logits/rejected": -3.703136776602283,
      "logps/chosen": -166.81453189849853,
      "logps/rejected": -173.02808809280396,
      "loss": 0.6931051254272461,
      "mean_token_accuracy": 0.47673242911696434,
      "num_tokens": 526726.0,
      "rewards/accuracies": 0.521875,
      "rewards/chosen": -0.00335710699291667,
      "rewards/margins": 0.0006036294042132794,
      "rewards/rejected": -0.003960736464068759,
      "step": 40
    },
    {
      "entropy": 1.692436794936657,
      "epoch": 0.5333333333333333,
      "grad_norm": 2.321707010269165,
      "learning_rate": 3.6968085106382983e-06,
      "logits/chosen": -3.748537887352805,
      "logits/rejected": -3.6713559063401355,
      "logps/chosen": -175.76616430282593,
      "logps/rejected": -171.15097427368164,
      "loss": 0.6920633792877198,
      "mean_token_accuracy": 0.4871381431818008,
      "num_tokens": 664227.0,
      "rewards/accuracies": 0.534375,
      "rewards/chosen": -0.0009592551621608436,
      "rewards/margins": 0.002657830389216542,
      "rewards/rejected": -0.0036170853869407437,
      "step": 50
    },
    {
      "entropy": 1.697611828893423,
      "epoch": 0.64,
      "grad_norm": 2.074110269546509,
      "learning_rate": 3.4308510638297874e-06,
      "logits/chosen": -3.7103920054161543,
      "logits/rejected": -3.641001862425894,
      "logps/chosen": -160.75690670013427,
      "logps/rejected": -160.78346581459044,
      "loss": 0.6923499584197998,
      "mean_token_accuracy": 0.4634457863867283,
      "num_tokens": 811511.0,
      "rewards/accuracies": 0.5,
      "rewards/chosen": -0.0034562385226308834,
      "rewards/margins": 0.0020178867795038967,
      "rewards/rejected": -0.005474125126784202,
      "step": 60
    },
    {
      "entropy": 1.707932774722576,
      "epoch": 0.7466666666666667,
      "grad_norm": 2.1251654624938965,
      "learning_rate": 3.164893617021277e-06,
      "logits/chosen": -3.7398678856797125,
      "logits/rejected": -3.657135266082252,
      "logps/chosen": -168.35378708839417,
      "logps/rejected": -164.24395117759704,
      "loss": 0.6913418769836426,
      "mean_token_accuracy": 0.4801343224942684,
      "num_tokens": 937632.0,
      "rewards/accuracies": 0.525,
      "rewards/chosen": -0.0025251268496504055,
      "rewards/margins": 0.004140841671323869,
      "rewards/rejected": -0.0066659685398917645,
      "step": 70
    },
    {
      "entropy": 1.699727439880371,
      "epoch": 0.8533333333333334,
      "grad_norm": 2.2668278217315674,
      "learning_rate": 2.8989361702127662e-06,
      "logits/chosen": -3.7427143158980214,
      "logits/rejected": -3.6645372473192013,
      "logps/chosen": -161.50074315071106,
      "logps/rejected": -165.84065027236937,
      "loss": 0.6923209667205811,
      "mean_token_accuracy": 0.48714626021683216,
      "num_tokens": 1073669.0,
      "rewards/accuracies": 0.55,
      "rewards/chosen": -0.001189472615806153,
      "rewards/margins": 0.0021216876019025223,
      "rewards/rejected": -0.0033111602984718046,
      "step": 80
    },
    {
      "entropy": 1.686122891306877,
      "epoch": 0.96,
      "grad_norm": 2.495056629180908,
      "learning_rate": 2.6329787234042554e-06,
      "logits/chosen": -3.759464711065088,
      "logits/rejected": -3.6998492792292472,
      "logps/chosen": -179.15221214294434,
      "logps/rejected": -172.73917245864868,
      "loss": 0.6936570167541504,
      "mean_token_accuracy": 0.48067936301231384,
      "num_tokens": 1219258.0,
      "rewards/accuracies": 0.4875,
      "rewards/chosen": -0.005837712367065251,
      "rewards/margins": -0.0005513682292075828,
      "rewards/rejected": -0.00528634439833695,
      "step": 90
    },
    {
      "epoch": 1.0,
      "eval_entropy": NaN,
      "eval_logits/chosen": -3.6366379565803255,
      "eval_logits/rejected": -3.5972961297118764,
      "eval_logps/chosen": -156.7511955909729,
      "eval_logps/rejected": -163.8888939666748,
      "eval_loss": 0.6927962303161621,
      "eval_mean_token_accuracy": 0.4528272738158703,
      "eval_num_tokens": 1275108.0,
      "eval_rewards/accuracies": 0.51,
      "eval_rewards/chosen": -0.002591458915725525,
      "eval_rewards/margins": 0.0012303597712889315,
      "eval_rewards/rejected": -0.0038218186207159307,
      "eval_runtime": 115.2746,
      "eval_samples_per_second": 4.337,
      "eval_steps_per_second": 4.337,
      "step": 94
    },
    {
      "entropy": 1.6797593449934936,
      "epoch": 1.064,
      "grad_norm": 2.0025429725646973,
      "learning_rate": 2.367021276595745e-06,
      "logits/chosen": -3.7766396808109093,
      "logits/rejected": -3.691479581946074,
      "logps/chosen": -172.77114745898123,
      "logps/rejected": -169.5100596990341,
      "loss": 0.6876288890838623,
      "mean_token_accuracy": 0.4823934099613092,
      "num_tokens": 1355324.0,
      "rewards/accuracies": 0.6025641025641025,
      "rewards/chosen": 0.0014234273746693267,
      "rewards/margins": 0.011537446855352474,
      "rewards/rejected": -0.010114019423221739,
      "step": 100
    },
    {
      "entropy": 1.6759614504873752,
      "epoch": 1.1706666666666667,
      "grad_norm": 2.0664689540863037,
      "learning_rate": 2.101063829787234e-06,
      "logits/chosen": -3.75521494307966,
      "logits/rejected": -3.6773297038330632,
      "logps/chosen": -160.24994277954102,
      "logps/rejected": -169.53151149749755,
      "loss": 0.6869284152984619,
      "mean_token_accuracy": 0.48369736447930334,
      "num_tokens": 1494455.0,
      "rewards/accuracies": 0.590625,