{
  "best_global_step": null,
  "best_metric": null,
  "best_model_checkpoint": null,
  "epoch": 2.0,
  "eval_steps": 500,
  "global_step": 188,
  "is_hyper_param_search": false,
  "is_local_process_zero": true,
  "is_world_process_zero": true,
  "log_history": [
    {
      "entropy": 1.6866114869713784,
      "epoch": 0.10666666666666667,
      "grad_norm": 1.9737368822097778,
      "learning_rate": 4.76063829787234e-07,
      "logits/chosen": -3.77803613026411,
      "logits/rejected": -3.6875662268865517,
      "logps/chosen": -165.0298019886017,
      "logps/rejected": -172.06456098556518,
      "loss": 0.6914692401885987,
      "mean_token_accuracy": 0.4741374831646681,
      "num_tokens": 136108.0,
      "rewards/accuracies": 0.478125,
      "rewards/chosen": 0.003182504151482135,
      "rewards/margins": 0.0037603803124511615,
      "rewards/rejected": -0.000577875939779915,
      "step": 10
    },
    {
      "entropy": 1.7497378632426261,
      "epoch": 0.21333333333333335,
      "grad_norm": 2.171292304992676,
      "learning_rate": 4.4946808510638295e-07,
      "logits/chosen": -3.6846001696286286,
      "logits/rejected": -3.642489717180246,
      "logps/chosen": -166.47920475006103,
      "logps/rejected": -159.6277455329895,
      "loss": 0.6925736904144287,
      "mean_token_accuracy": 0.4721313141286373,
      "num_tokens": 264471.0,
      "rewards/accuracies": 0.515625,
      "rewards/chosen": 0.0010355115300626494,
      "rewards/margins": 0.0016538868061616086,
      "rewards/rejected": -0.0006183755882375408,
      "step": 20
    },
    {
      "entropy": 1.7061081811785699,
      "epoch": 0.32,
      "grad_norm": 1.9769725799560547,
      "learning_rate": 4.228723404255319e-07,
      "logits/chosen": -3.7322290419933934,
      "logits/rejected": -3.666218401374337,
      "logps/chosen": -155.1450723171234,
      "logps/rejected": -154.5468437194824,
      "loss": 0.6929585456848144,
      "mean_token_accuracy": 0.4694862633943558,
      "num_tokens": 391185.0,
      "rewards/accuracies": 0.496875,
      "rewards/chosen": 0.0004013985279016197,
      "rewards/margins": 0.00077911258849781,
      "rewards/rejected": -0.0003777141086175106,
      "step": 30
    },
    {
      "entropy": 1.6923162654042243,
      "epoch": 0.4266666666666667,
      "grad_norm": 2.1897902488708496,
      "learning_rate": 3.962765957446808e-07,
      "logits/chosen": -3.774283139106592,
      "logits/rejected": -3.7033320051941407,
      "logps/chosen": -166.79198846817016,
      "logps/rejected": -172.9720001220703,
      "loss": 0.6947697162628174,
      "mean_token_accuracy": 0.4770530551671982,
      "num_tokens": 526726.0,
      "rewards/accuracies": 0.496875,
      "rewards/chosen": -0.0011028319830074906,
      "rewards/margins": -0.002751042853924446,
      "rewards/rejected": 0.0016482109727803617,
      "step": 40
    },
    {
      "entropy": 1.6930221989750862,
      "epoch": 0.5333333333333333,
      "grad_norm": 2.3256454467773438,
      "learning_rate": 3.696808510638298e-07,
      "logits/chosen": -3.7492807626899882,
      "logits/rejected": -3.6719792513440668,
      "logps/chosen": -175.7731023788452,
      "logps/rejected": -171.13097734451293,
      "loss": 0.6934119701385498,
      "mean_token_accuracy": 0.48733170591294767,
      "num_tokens": 664227.0,
      "rewards/accuracies": 0.521875,
      "rewards/chosen": -0.0016529679094674065,
      "rewards/margins": -3.561928460840136e-05,
      "rewards/rejected": -0.0016173489217180758,
      "step": 50
    },
    {
      "entropy": 1.6985397547483445,
      "epoch": 0.64,
      "grad_norm": 2.0436792373657227,
      "learning_rate": 3.430851063829787e-07,
      "logits/chosen": -3.7108055216062086,
      "logits/rejected": -3.641041581764887,
      "logps/chosen": -160.7276177406311,
      "logps/rejected": -160.72280945777894,
      "loss": 0.6938963890075683,
      "mean_token_accuracy": 0.4634110055863857,
      "num_tokens": 811511.0,
      "rewards/accuracies": 0.484375,
      "rewards/chosen": -0.0005272031608910766,
      "rewards/margins": -0.0011186794712557458,
      "rewards/rejected": 0.0005914764929912053,
      "step": 60
    },
    {
      "entropy": 1.708357009291649,
      "epoch": 0.7466666666666667,
      "grad_norm": 2.1235334873199463,
      "learning_rate": 3.1648936170212764e-07,
      "logits/chosen": -3.740764811568353,
      "logits/rejected": -3.657687988401411,
      "logps/chosen": -168.32394790649414,
      "logps/rejected": -164.17749347686768,
      "loss": 0.6931210994720459,
      "mean_token_accuracy": 0.4805998638272285,
      "num_tokens": 937632.0,
      "rewards/accuracies": 0.5,
      "rewards/chosen": 0.0004588686337228864,
      "rewards/margins": 0.00047896923788357524,
      "rewards/rejected": -2.0100458641536534e-05,
      "step": 70
    },
    {
      "entropy": 1.7008907124400139,
      "epoch": 0.8533333333333334,
      "grad_norm": 2.2732906341552734,
      "learning_rate": 2.8989361702127657e-07,
      "logits/chosen": -3.743584888864826,
      "logits/rejected": -3.6649368349189,
      "logps/chosen": -161.46488857269287,
      "logps/rejected": -165.80848665237426,
      "loss": 0.692106294631958,
      "mean_token_accuracy": 0.48611413426697253,
      "num_tokens": 1073669.0,
      "rewards/accuracies": 0.528125,
      "rewards/chosen": 0.002395901111594867,
      "rewards/margins": 0.0024908381747081876,
      "rewards/rejected": -9.493705802015029e-05,
      "step": 80
    },
    {
      "entropy": 1.687060000002384,
      "epoch": 0.96,
      "grad_norm": 2.463181495666504,
      "learning_rate": 2.632978723404255e-07,
      "logits/chosen": -3.7604723589512217,
      "logits/rejected": -3.7006779526955,
      "logps/chosen": -179.11951751708983,
      "logps/rejected": -172.6832962989807,
      "loss": 0.6948315143585205,
      "mean_token_accuracy": 0.48141562230885027,
      "num_tokens": 1219258.0,
      "rewards/accuracies": 0.484375,
      "rewards/chosen": -0.00256810322025558,
      "rewards/margins": -0.002869401723728515,
      "rewards/rejected": 0.00030129859660519285,
      "step": 90
    },
    {
      "epoch": 1.0,
      "eval_entropy": NaN,
      "eval_logits/chosen": -3.636840415669647,
      "eval_logits/rejected": -3.597454060485927,
      "eval_logps/chosen": -156.7173306503296,
      "eval_logps/rejected": -163.85512211990357,
      "eval_loss": 0.6927624344825745,
      "eval_mean_token_accuracy": 0.4529956193268299,
      "eval_num_tokens": 1275108.0,
      "eval_rewards/accuracies": 0.498,
      "eval_rewards/chosen": 0.0007950352721600211,
      "eval_rewards/margins": 0.0012396690983732697,
      "eval_rewards/rejected": -0.00044463385456856483,
      "eval_runtime": 116.7968,
      "eval_samples_per_second": 4.281,
      "eval_steps_per_second": 4.281,
      "step": 94
    },
    {
      "entropy": 1.679644836829259,
      "epoch": 1.064,
      "grad_norm": 1.9880188703536987,
      "learning_rate": 2.3670212765957445e-07,
      "logits/chosen": -3.777915837364413,
      "logits/rejected": -3.692451020062463,
      "logps/chosen": -172.79462775205954,
      "logps/rejected": -169.4597400763096,
      "loss": 0.6914633274078369,
      "mean_token_accuracy": 0.48245228559542924,
      "num_tokens": 1355324.0,
      "rewards/accuracies": 0.5256410256410257,
      "rewards/chosen": -0.0009245280256996361,
      "rewards/margins": 0.004157666649776869,
      "rewards/rejected": -0.005082194793384331,
      "step": 100
    },
    {
      "entropy": 1.6761224195361137,
      "epoch": 1.1706666666666667,
      "grad_norm": 2.0843210220336914,
      "learning_rate": 2.101063829787234e-07,
      "logits/chosen": -3.756614780036215,
      "logits/rejected": -3.6780267449802664,
      "logps/chosen": -160.34210119247436,
      "logps/rejected": -169.4581142425537,
      "loss": 0.6951550960540771,
      "mean_token_accuracy": 0.48429818972945216,
      "num_tokens": 1494455.0,